RJ;Abarracamento
RJ;Abraao
RJ;Afonso Arinos
RJ;Agulhas Negras
RJ;Amparo
RJ;Andrade Pinto
RJ;Angra dos Reis
RJ;Anta
RJ;Aperibe
RJ;Araruama
RJ;Areal
RJ;Armacao de Buzios
RJ;Arraial do Cabo
RJ;Arrozal
RJ;Avelar
RJ;Bacaxa
RJ;Baltazar
RJ;Banquete
RJ;Barao de Juparana
RJ;Barcelos
RJ;Barra Alegre
RJ;Barra de Macae
RJ;Barra de Sao Joao
RJ;Barra do Pirai
RJ;Barra Mansa
RJ;Barra Seca
RJ;Belford Roxo
RJ;Bemposta
RJ;Boa Esperanca
RJ;Boa Sorte
RJ;Boa Ventura
RJ;Bom Jardim
RJ;Bom Jesus do Itabapoana
RJ;Bom Jesus do Querendo
RJ;Cabo Frio
RJ;Cabucu
RJ;Cachoeiras de Macacu
RJ;Cachoeiros
RJ;Calheiros
RJ;Cambiasca
RJ;Cambuci
RJ;Campo do Coelho
RJ;Campos dos Goytacazes
RJ;Campos Elyseos
RJ;Cantagalo
RJ;Carabucu
RJ;Carapebus
RJ;Cardoso Moreira
RJ;Carmo
RJ;Cascatinha
RJ;Casimiro de Abreu
RJ;Cava
RJ;Coelho da Rocha
RJ;Colonia
RJ;Comendador Levy Gasparian
RJ;Comendador Venancio
RJ;Conceicao de Jacarei
RJ;Conceicao de Macabu
RJ;Conrado
RJ;Conselheiro Paulino
RJ;Conservatoria
RJ;Cordeiro
RJ;Coroa Grande
RJ;Correas
RJ;Corrego da Prata
RJ;Corrego do Ouro
RJ;Correntezas
RJ;Cunhambebe
RJ;Dorandia
RJ;Dores de Macabu
RJ;Doutor Elias
RJ;Doutor Loreti
RJ;Duas Barras
RJ;Duque de Caxias
RJ;Engenheiro Passos
RJ;Engenheiro Paulo de Frontin
RJ;Engenheiro Pedreira
RJ;Estrada Nova
RJ;Euclidelandia
RJ;Falcao
RJ;Floriano
RJ;Fumaca
RJ;Funil
RJ;Gavioes
RJ;Getulandia
RJ;Glicerio
RJ;Goitacazes
RJ;Governador Portela
RJ;Guapimirim
RJ;Guia de Pacobaiba
RJ;Ibitiguacu
RJ;Ibitioca
RJ;Ibituporanga
RJ;Iguaba Grande
RJ;Imbarie
RJ;Inconfidencia
RJ;Inhomirim
RJ;Inoa
RJ;Ipiabas
RJ;Ipiiba
RJ;Ipuca
RJ;Itabapoana
RJ;Itaborai
RJ;Itacurussa
RJ;Itaguai
RJ;Itaipava
RJ;Itaipu
RJ;Itajara
RJ;Italva
RJ;Itambi
RJ;Itaocara
RJ;Itaperuna
RJ;Itatiaia
RJ;Jacuecanga
RJ;Jaguarembe
RJ;Jamapara
RJ;Japeri
RJ;Japuiba
RJ;Laje do Muriae
RJ;Laranjais
RJ;Lidice
RJ;Lumiar
RJ;Macabuzinho
RJ;Macae
RJ;Macuco
RJ;Mage
RJ;Mambucaba
RJ;Mangaratiba
RJ;Maniva
RJ;Manoel Ribeiro
RJ;Manuel Duarte
RJ;Marangatu
RJ;Marica
RJ;Mendes
RJ;Mesquita
RJ;Miguel Pereira
RJ;Miracema
RJ;Monera
RJ;Monjolo
RJ;Monte Alegre
RJ;Monte Verde
RJ;Monumento
RJ;Morangaba
RJ;Morro do Coco
RJ;Morro Grande
RJ;Mussurepe
RJ;Natividade
RJ;Neves
RJ;Nhunguacu
RJ;Nilopolis
RJ;Niteroi
RJ;Nossa Senhora da Aparecida
RJ;Nossa Senhora da Penha
RJ;Nossa Senhora do Amparo
RJ;Nova Friburgo
RJ;Nova Iguacu
RJ;Olinda
RJ;Ourania
RJ;Papucaia
RJ;Paquequer Pequeno
RJ;Paracambi
RJ;Paraiba do Sul
RJ;Paraiso do Tobias
RJ;Paraoquena
RJ;Parapeuna
RJ;Parati
RJ;Parati Mirim
RJ;Passa Tres
RJ;Paty do Alferes
RJ;Pedra Selada
RJ;Pedro do Rio
RJ;Penedo
RJ;Pentagna
RJ;Petropolis
RJ;Piabeta
RJ;Piao
RJ;Pinheiral
RJ;Pipeiras
RJ;Pirai
RJ;Pirangai
RJ;Pirapetinga de Bom Jesus
RJ;Porciuncula
RJ;Portela
RJ;Porto das Caixas
RJ;Porto Real
RJ;Porto Velho do Cunha
RJ;Posse
RJ;Praia de Aracatiba
RJ;Pureza
RJ;Purilandia
RJ;Quarteis
RJ;Quatis
RJ;Queimados
RJ;Quissama
RJ;Raposo
RJ;Renascenca
RJ;Resende
RJ;Retiro do Muriae
RJ;Rialto
RJ;Ribeirao de Sao Joaquim
RJ;Rio Bonito
RJ;Rio Claro
RJ;Rio das Flores
RJ;Rio das Ostras
RJ;Rio de Janeiro
RJ;Riograndina
RJ;Rosal
RJ;Sacra Familia do Tingua
RJ;Salutaris
RJ;Sambaetiba
RJ;Sampaio Correia
RJ;Sana
RJ;Santa Clara
RJ;Santa Cruz
RJ;Santa Cruz da Serra
RJ;Santa Isabel
RJ;Santa Isabel do Rio Preto
RJ;Santa Maria
RJ;Santa Maria Madalena
RJ;Santa Rita da Floresta
RJ;Santanesia
RJ;Santo Aleixo
RJ;Santo Amaro de Campos
RJ;Santo Antonio de Padua
RJ;Santo Antonio do Imbe
RJ;Santo Eduardo
RJ;Sao Fidelis
RJ;Sao Francisco de Itabapoana
RJ;Sao Goncalo
RJ;Sao Joao da Barra
RJ;Sao Joao de Meriti
RJ;Sao Joao do Paraiso
RJ;Sao Joao Marcos
RJ;Sao Joaquim
RJ;Sao Jose de Uba
RJ;Sao Jose do Ribeirao
RJ;Sao Jose do Turvo
RJ;Sao Jose do Vale do Rio Preto
RJ;Sao Mateus
RJ;Sao Pedro da Aldeia
RJ;Sao Sebastiao de Campos
RJ;Sao Sebastiao do Alto
RJ;Sao Sebastiao do Paraiba
RJ;Sao Sebastiao dos Ferreiros
RJ;Sao Vicente de Paula
RJ;Sapucaia
RJ;Saquarema
RJ;Saracuruna
RJ;Sebastiao de Lacerda
RJ;Seropedica
RJ;Serrinha
RJ;Sete Pontes
RJ;Silva Jardim
RJ;Sodrelandia
RJ;Sossego
RJ;Subaio
RJ;Sumidouro
RJ;Surui
RJ;Taboas
RJ;Tamoios
RJ;Tangua
RJ;Tapera
RJ;Tarituba
RJ;Teresopolis
RJ;Tocos
RJ;Trajano de Morais
RJ;Travessao
RJ;Tres Irmaos
RJ;Tres Rios
RJ;Triunfo
RJ;Valao do Barro
RJ;Valenca
RJ;Vargem Alegre
RJ;Varre-sai
RJ;Vassouras
RJ;Venda das Flores
RJ;Venda das Pedras
RJ;Vila da Grama
RJ;Vila do Frade
RJ;Vila Muriqui
RJ;Vila Nova de Campos
RJ;Visconde de Imbe
RJ;Volta Redonda
RJ;Werneck
RJ;Xerem
